Country,code,code_3,lat,long
Afghanistan,AF,AFG,33,65
Albania,AL,ALB,41,20
Algeria,DZ,DZA,28,3
American Samoa,AS,ASM,-14.3333,-170
Andorra,AD,AND,42.5,1.6
Angola,AO,AGO,-12.5,18.5
Anguilla,AI,AIA,18.25,-63.1667
Antarctica,AQ,ATA,-90,0
Antigua and Barbuda,AG,ATG,17.05,-61.8
Argentina,AR,ARG,-34,-64
Armenia,AM,ARM,40,45
Aruba,AW,ABW,12.5,-69.9667
Australia,AU,AUS,-27,133
Austria,AT,AUT,47.3333,13.3333
Azerbaijan,AZ,AZE,40.5,47.5
Bahamas,BS,BHS,24.25,-76
Bahrain,BH,BHR,26,50.55
Bangladesh,BD,BGD,24,90
Barbados,BB,BRB,13.1667,-59.5333
Belarus,BY,BLR,53,28
Belgium,BE,BEL,50.8333,4
Belize,BZ,BLZ,17.25,-88.75
Benin,BJ,BEN,9.5,2.25
Bermuda,BM,BMU,32.3333,-64.75
Bhutan,BT,BTN,27.5,90.5
"Bolivia, Plurinational State of",BO,BOL,-17,-65
Bolivia,BO,BOL,-17,-65
Bosnia and Herzegovina,BA,BIH,44,18
Botswana,BW,BWA,-22,24
Bouvet Island,BV,BVT,-54.4333,3.4
Brazil,BR,BRA,-10,-55
British Indian Ocean Territory,IO,IOT,-6,71.5
Brunei Darussalam,BN,BRN,4.5,114.6667
Brunei,BN,BRN,4.5,114.6667
Bulgaria,BG,BGR,43,25
Burkina Faso,BF,BFA,13,-2
Burundi,BI,BDI,-3.5,30
Cambodia,KH,KHM,13,105
Cameroon,CM,CMR,6,12
Canada,CA,CAN,60,-95
Cape Verde,CV,CPV,16,-24
Cayman Islands,KY,CYM,19.5,-80.5
Central African Republic,CF,CAF,7,21
Chad,TD,TCD,15,19
Chile,CL,CHL,-30,-71
China,CN,CHN,35,105
Christmas Island,CX,CXR,-10.5,105.6667
Cocos (Keeling) Islands,CC,CCK,-12.5,96.8333
Colombia,CO,COL,4,-72
Comoros,KM,COM,-12.1667,44.25
Congo,CG,COG,-1,15
"Congo, the Democratic Republic of the",CD,COD,0,25
Cook Islands,CK,COK,-21.2333,-159.7667
Costa Rica,CR,CRI,10,-84
Côte d'Ivoire,CI,CIV,8,-5
Ivory Coast,CI,CIV,8,-5
Croatia,HR,HRV,45.1667,15.5
Cuba,CU,CUB,21.5,-80
Cyprus,CY,CYP,35,33
Czech Republic,CZ,CZE,49.75,15.5
Denmark,DK,DNK,56,10
Djibouti,DJ,DJI,11.5,43
Dominica,DM,DMA,15.4167,-61.3333
Dominican Republic,DO,DOM,19,-70.6667
Ecuador,EC,ECU,-2,-77.5
Egypt,EG,EGY,27,30
El Salvador,SV,SLV,13.8333,-88.9167
Equatorial Guinea,GQ,GNQ,2,10
Eritrea,ER,ERI,15,39
Estonia,EE,EST,59,26
Ethiopia,ET,ETH,8,38
Falkland Islands (Malvinas),FK,FLK,-51.75,-59
Faroe Islands,FO,FRO,62,-7
Fiji,FJ,FJI,-18,175
Finland,FI,FIN,64,26
France,FR,FRA,46,2
French Guiana,GF,GUF,4,-53
French Polynesia,PF,PYF,-15,-140
French Southern Territories,TF,ATF,-43,67
Gabon,GA,GAB,-1,11.75
Gambia,GM,GMB,13.4667,-16.5667
Georgia,GE,GEO,42,43.5
Germany,DE,DEU,51,9
Ghana,GH,GHA,8,-2
Gibraltar,GI,GIB,36.1833,-5.3667
Greece,GR,GRC,39,22
Greenland,GL,GRL,72,-40
Grenada,GD,GRD,12.1167,-61.6667
Guadeloupe,GP,GLP,16.25,-61.5833
Guam,GU,GUM,13.4667,144.7833
Guatemala,GT,GTM,15.5,-90.25
Guernsey,GG,GGY,49.5,-2.56
Guinea,GN,GIN,11,-10
Guinea-Bissau,GW,GNB,12,-15
Guyana,GY,GUY,5,-59
Haiti,HT,HTI,19,-72.4167
Heard Island and McDonald Islands,HM,HMD,-53.1,72.5167
Holy See (Vatican City State),VA,VAT,41.9,12.45
Honduras,HN,HND,15,-86.5
Hong Kong,HK,HKG,22.25,114.1667
Hungary,HU,HUN,47,20
Iceland,IS,ISL,65,-18
India,IN,IND,20,77
Indonesia,ID,IDN,-5,120
"Iran, Islamic Republic of",IR,IRN,32,53
Iraq,IQ,IRQ,33,44
Ireland,IE,IRL,53,-8
Isle of Man,IM,IMN,54.23,-4.55
Israel,IL,ISR,31.5,34.75
Italy,IT,ITA,42.8333,12.8333
Jamaica,JM,JAM,18.25,-77.5
Japan,JP,JPN,36,138
Jersey,JE,JEY,49.21,-2.13
Jordan,JO,JOR,31,36
Kazakhstan,KZ,KAZ,48,68
Kenya,KE,KEN,1,38
Kiribati,KI,KIR,1.4167,173
"Korea, Democratic People's Republic of",KP,PRK,40,127
"Korea, Republic of",KR,KOR,37,127.5
South Korea,KR,KOR,37,127.5
Kuwait,KW,KWT,29.3375,47.6581
Kyrgyzstan,KG,KGZ,41,75
Lao People's Democratic Republic,LA,LAO,18,105
Latvia,LV,LVA,57,25
Lebanon,LB,LBN,33.8333,35.8333
Lesotho,LS,LSO,-29.5,28.5
Liberia,LR,LBR,6.5,-9.5
Libyan Arab Jamahiriya,LY,LBY,25,17
Libya,LY,LBY,25,17
Liechtenstein,LI,LIE,47.1667,9.5333
Lithuania,LT,LTU,56,24
Luxembourg,LU,LUX,49.75,6.1667
Macao,MO,MAC,22.1667,113.55
"Macedonia, the former Yugoslav Republic of",MK,MKD,41.8333,22
Madagascar,MG,MDG,-20,47
Malawi,MW,MWI,-13.5,34
Malaysia,MY,MYS,2.5,112.5
Maldives,MV,MDV,3.25,73
Mali,ML,MLI,17,-4
Malta,MT,MLT,35.8333,14.5833
Marshall Islands,MH,MHL,9,168
Martinique,MQ,MTQ,14.6667,-61
Mauritania,MR,MRT,20,-12
Mauritius,MU,MUS,-20.2833,57.55
Mayotte,YT,MYT,-12.8333,45.1667
Mexico,MX,MEX,23,-102
"Micronesia, Federated States of",FM,FSM,6.9167,158.25
"Moldova, Republic of",MD,MDA,47,29
Monaco,MC,MCO,43.7333,7.4
Mongolia,MN,MNG,46,105
Montenegro,ME,MNE,42,19
Montserrat,MS,MSR,16.75,-62.2
Morocco,MA,MAR,32,-5
Mozambique,MZ,MOZ,-18.25,35
Myanmar,MM,MMR,22,98
Burma,MM,MMR,22,98
Namibia,NA,NAM,-22,17
Nauru,NR,NRU,-0.5333,166.9167
Nepal,NP,NPL,28,84
Netherlands,NL,NLD,52.5,5.75
Netherlands Antilles,AN,ANT,12.25,-68.75
New Caledonia,NC,NCL,-21.5,165.5
New Zealand,NZ,NZL,-41,174
Nicaragua,NI,NIC,13,-85
Niger,NE,NER,16,8
Nigeria,NG,NGA,10,8
Niue,NU,NIU,-19.0333,-169.8667
Norfolk Island,NF,NFK,-29.0333,167.95
Northern Mariana Islands,MP,MNP,15.2,145.75
Norway,NO,NOR,62,10
Oman,OM,OMN,21,57
Pakistan,PK,PAK,30,70
Palau,PW,PLW,7.5,134.5
"Palestinian Territory, Occupied",PS,PSE,32,35.25
Panama,PA,PAN,9,-80
Papua New Guinea,PG,PNG,-6,147
Paraguay,PY,PRY,-23,-58
Peru,PE,PER,-10,-76
Philippines,PH,PHL,13,122
Pitcairn,PN,PCN,-24.7,-127.4
Poland,PL,POL,52,20
Portugal,PT,PRT,39.5,-8
Puerto Rico,PR,PRI,18.25,-66.5
Qatar,QA,QAT,25.5,51.25
Réunion,RE,REU,-21.1,55.6
Romania,RO,ROU,46,25
Russian Federation,RU,RUS,60,100
Russia,RU,RUS,60,100
Rwanda,RW,RWA,-2,30
"Saint Helena, Ascension and Tristan da Cunha",SH,SHN,-15.9333,-5.7
Saint Kitts and Nevis,KN,KNA,17.3333,-62.75
Saint Lucia,LC,LCA,13.8833,-61.1333
Saint Pierre and Miquelon,PM,SPM,46.8333,-56.3333
Saint Vincent and the Grenadines,VC,VCT,13.25,-61.2
Saint Vincent & the Grenadines,VC,VCT,13.25,-61.2
St. Vincent and the Grenadines,VC,VCT,13.25,-61.2
Samoa,WS,WSM,-13.5833,-172.3333
San Marino,SM,SMR,43.7667,12.4167
Sao Tome and Principe,ST,STP,1,7
Saudi Arabia,SA,SAU,25,45
Senegal,SN,SEN,14,-14
Serbia,RS,SRB,44,21
Seychelles,SC,SYC,-4.5833,55.6667
Sierra Leone,SL,SLE,8.5,-11.5
Singapore,SG,SGP,1.3667,103.8
Slovakia,SK,SVK,48.6667,19.5
Slovenia,SI,SVN,46,15
Solomon Islands,SB,SLB,-8,159
Somalia,SO,SOM,10,49
South Africa,ZA,ZAF,-29,24
South Georgia and the South Sandwich Islands,GS,SGS,-54.5,-37
South Sudan,SS,SSD,8,30
Spain,ES,ESP,40,-4
Sri Lanka,LK,LKA,7,81
Sudan,SD,SDN,15,30
Suriname,SR,SUR,4,-56
Svalbard and Jan Mayen,SJ,SJM,78,20
Swaziland,SZ,SWZ,-26.5,31.5
Sweden,SE,SWE,62,15
Switzerland,CH,CHE,47,8
Syrian Arab Republic,SY,SYR,35,38
"Taiwan, Province of China",TW,TWN,23.5,121
Taiwan,TW,TWN,23.5,121
Tajikistan,TJ,TJK,39,71
"Tanzania, United Republic of",TZ,TZA,-6,35
Thailand,TH,THA,15,100
Timor-Leste,TL,TLS,-8.55,125.5167
Togo,TG,TGO,8,1.1667
Tokelau,TK,TKL,-9,-172
Tonga,TO,TON,-20,-175
Trinidad and Tobago,TT,TTO,11,-61
Tunisia,TN,TUN,34,9
Turkey,TR,TUR,39,35
Turkmenistan,TM,TKM,40,60
Turks and Caicos Islands,TC,TCA,21.75,-71.5833
Tuvalu,TV,TUV,-8,178
Uganda,UG,UGA,1,32
Ukraine,UA,UKR,49,32
United Arab Emirates,AE,ARE,24,54
United Kingdom,GB,GBR,54,-2
United States,US,USA,38,-97
United States Minor Outlying Islands,UM,UMI,19.2833,166.6
Uruguay,UY,URY,-33,-56
Uzbekistan,UZ,UZB,41,64
Vanuatu,VU,VUT,-16,167
"Venezuela, Bolivarian Republic of",VE,VEN,8,-66
Venezuela,VE,VEN,8,-66
Viet Nam,VN,VNM,16,106
Vietnam,VN,VNM,16,106
"Virgin Islands, British",VG,VGB,18.5,-64.5
"Virgin Islands, U.S.",VI,VIR,18.3333,-64.8333
Wallis and Futuna,WF,WLF,-13.3,-176.2
Western Sahara,EH,ESH,24.5,-13
Yemen,YE,YEM,15,48
Zambia,ZM,ZMB,-15,30
Zimbabwe,ZW,ZWE,-20,30